key,ja,file,line
components.電車,"電車",src/components/Access.tsx,4
components.jr東海道線,"JR東海道線",src/components/Access.tsx,7
components.笠寺駅,"笠寺駅",src/components/Access.tsx,8
components.タクシー,"タクシー",src/components/Access.tsx,9
components.約10分,"約10分",src/components/Access.tsx,10
components.大高駅,"大高駅",src/components/Access.tsx,14
components.名鉄常滑線,"名鉄常滑線",src/components/Access.tsx,19
components.柴田駅,"柴田駅",src/components/Access.tsx,20
components.徒歩,"徒歩",src/components/Access.tsx,21
components.15分,"15分",src/components/Access.tsx,22
components.車,"車",src/components/Access.tsx,32
components.名古屋高速2号,"名古屋高速2号",src/components/Access.tsx,35
components.大高ic,"大高IC",src/components/Access.tsx,36
components.伊勢湾岸道,"伊勢湾岸道",src/components/Access.tsx,41
components.豊明ic,"豊明IC",src/components/Access.tsx,42
components.アクセス情報,"アクセス情報",src/components/Access.tsx,64
components.会社所在地,"会社所在地",src/components/Access.tsx,73
components.岡本食品株式会社,"岡本食品株式会社",src/components/Access.tsx,82
components.愛知県名古屋市南区要町317,"愛知県名古屋市南区要町3‑17",src/components/Access.tsx,84
components.でのアクセス,"でのアクセス",src/components/Access.tsx,108
components.地図,"地図",src/components/Access.tsx,140
components.詳細な地図情報は,"詳細な地図情報は",src/components/Access.tsx,141
components.お電話でお問い合わせください,"お電話でお問い合わせください",src/components/Access.tsx,142
components.営業時間,"営業時間",src/components/Access.tsx,161
components.平日,"平日",src/components/Access.tsx,164
components.土曜,"土曜",src/components/Access.tsx,168
components.日曜祝日,"日曜・祝日",src/components/Access.tsx,172
components.休業,"休業",src/components/Access.tsx,173
components.特集_-_100年を超える歴史と伝統,"特集 - 100年を超える歴史と伝統",src/components/Banner.tsx,15
components.100年を超える,"100年を超える",src/components/Banner.tsx,29
components.歴史と伝統,"歴史と伝統",src/components/Banner.tsx,30
components.1921年の創業から現代まで変わらぬ想いで紡いできた私たちの物語と_これからの100年に向けた新たな挑戦をご紹介します,"1921年の創業から現代まで。変わらぬ想いで紡いできた私たちの物語と、 これからの100年に向けた新たな挑戦をご紹介します。",src/components/Banner.tsx,33
components.詳しく見る,"詳しく見る",src/components/Banner.tsx,40
components.カテゴリー,"カテゴリー:",src/components/CategoryNavigation.tsx,55
components.黄桃の写真,"黄桃の写真",src/components/CategorySection.tsx,49
components.ごあいさつ,"ごあいさつ",src/components/CompanyGreeting.tsx,9
components.代表取締役社長,"代表取締役社長",src/components/CompanyGreeting.tsx,19
components.岡本_嘉久,"岡本 嘉久",src/components/CompanyGreeting.tsx,22
components.弊社は大正10年5月にトマトソース加工業者として創業しました以来みかんもも等のフルーツ加工品のトップブランドの一つとして親しまれるokマークのもと学校給食をはじめ各方面から幅広くご愛顧を頂戴するに至っております,"弊社は大正10年5月にトマトソース加工業者として創業しました。以来、みかん、もも等のフルーツ加工品のトップブランドの一つとして、親しまれるOKマークのもと、学校給食をはじめ、各方面から幅広くご愛顧を頂戴するに至っております。",src/components/CompanyGreeting.tsx,28
components.良い製品は良い原料からしかつくることはできませんという信念のもと生産者の皆様との信頼関係を大切にし国産原料にこだわった製品づくりを心がけております,"「良い製品は良い原料からしかつくることはできません」という信念のもと、生産者の皆様との信頼関係を大切にし、国産原料にこだわった製品づくりを心がけております。",src/components/CompanyGreeting.tsx,32
components.私たちは安心美味しさ笑顔を詰めてお届けしますをモットーにお客様に喜んでいただける商品をお届けすべく原料の仕入れから加工流通に至るまで日夜改善努力を続けております,"私たちは「安心・美味しさ・笑顔を詰めてお届けします」をモットーに、お客様に喜んでいただける商品をお届けすべく、原料の仕入れから加工、流通に至るまで、日夜改善努力を続けております。",src/components/CompanyGreeting.tsx,36
components.今後も創業以来培われた高い信頼と実績を礎にますます製造技術の向上に努め健康で豊かな食生活の発展に貢献して参りたいと考えています,"今後も、創業以来培われた高い信頼と実績を礎に、ますます製造技術の向上に努め、健康で豊かな食生活の発展に貢献して参りたいと考えています。",src/components/CompanyGreeting.tsx,40
components.今後ともなお一層のご支援ご愛顧のほどよろしくお願い申し上げます,"今後とも、なお一層のご支援、ご愛顧のほど、よろしくお願い申し上げます。",src/components/CompanyGreeting.tsx,44
components.images社長写真.avif,"/images/社長写真.avif",src/components/CompanyGreeting.tsx,53
components.代表取締役社長_岡本_嘉久,"代表取締役社長 岡本 嘉久",src/components/CompanyGreeting.tsx,54
components.imagesみかん農場.avif,"/images/みかん農場.avif",src/components/CompanyHero.tsx,10
components.みかん農場の風景,"みかん農場の風景",src/components/CompanyHero.tsx,11
components.大正10年の創業以来一世紀を超えて,"大正10年の創業以来、一世紀を超えて",src/components/CompanyHero.tsx,36
components.安心安全でおいしい食を提供し続けています,"安心・安全でおいしい食を提供し続けています。",src/components/CompanyHero.tsx,37
components.創業年,"創業年",src/components/CompanyIntro.tsx,15
components.年の歴史,"年の歴史",src/components/CompanyIntro.tsx,19
components.品質への想い,"品質への想い",src/components/CompanyIntro.tsx,23
components.私たちについて,"私たちについて",src/components/CompanyIntro.tsx,31
components.全ての人に安心安全でおいしい食を提供し,"全ての人に安心・安全でおいしい食を提供し",src/components/CompanyIntro.tsx,43
components.健康で幸せな社会づくりに貢献します,"健康で幸せな社会づくりに貢献します",src/components/CompanyIntro.tsx,46
components.大正10年にトマトソース加工業者として創業して以来みかんもも等のフルーツ加工品を学校給食をはじめ各方面から幅広くご愛顧を頂戴しております名古屋の食品加工業社です,"大正10年にトマトソース加工業者として創業して以来、みかん、もも等のフルーツ加工品を学校給食をはじめ各方面から幅広くご愛顧を頂戴しております名古屋の食品加工業社です。",src/components/CompanyIntro.tsx,52
components.今後も安心安全でおいしい食を提供し健康で幸せな社会づくりに貢献していきます,"今後も安心・安全でおいしい食を提供し、健康で幸せな社会づくりに貢献していきます。",src/components/CompanyIntro.tsx,56
components.会社情報を見る,"会社情報を見る",src/components/CompanyIntro.tsx,66
components.お問い合わせ,"お問い合わせ",src/components/CompanyIntro.tsx,75
components.私たちの価値観,"私たちの価値観",src/components/CompanyIntro.tsx,84
components.品質第一,"品質第一",src/components/CompanyIntro.tsx,95
components.国産原料へのこだわりと厳格な品質管理により_安心安全な食品をお届けします,"国産原料へのこだわりと厳格な品質管理により、 安心・安全な食品をお届けします。",src/components/CompanyIntro.tsx,96
components.信頼関係,"信頼関係",src/components/CompanyIntro.tsx,108
components.生産者の皆様との長年の信頼関係により_最高品質の原料を確保しています,"生産者の皆様との長年の信頼関係により、 最高品質の原料を確保しています。",src/components/CompanyIntro.tsx,109
components.持続可能性,"持続可能性",src/components/CompanyIntro.tsx,121
components.環境に配慮した持続可能な事業運営で_次世代につなぐ責任を果たします,"環境に配慮した持続可能な事業運営で、 次世代につなぐ責任を果たします。",src/components/CompanyIntro.tsx,122
components.企業理念,"企業理念",src/components/CompanyNavigation.tsx,7
components.会社概要,"会社概要",src/components/CompanyNavigation.tsx,8
components.沿革,"沿革",src/components/CompanyNavigation.tsx,9
components.当社の特徴,"当社の特徴",src/components/CompanyNavigation.tsx,10
components.製造ライン,"製造ライン",src/components/CompanyNavigation.tsx,11
components.アクセス,"アクセス",src/components/CompanyNavigation.tsx,12
components.良い製品は良い原料からしかつくることはできません,"良い製品は良い原料からしかつくることはできません",src/components/CompanyPhilosophy.tsx,11
components.笑顔,"笑顔",src/components/CompanyPhilosophy.tsx,25
components.お客様の笑顔のために,"お客様の笑顔のために、",src/components/CompanyPhilosophy.tsx,26
components.常に最高の品質を追求します,"常に最高の品質を追求します",src/components/CompanyPhilosophy.tsx,27
components.感謝,"感謝",src/components/CompanyPhilosophy.tsx,40
components.生産者の皆様への感謝を忘れず,"生産者の皆様への感謝を忘れず、",src/components/CompanyPhilosophy.tsx,41
components.信頼関係を大切にします,"信頼関係を大切にします",src/components/CompanyPhilosophy.tsx,42
components.健康,"健康",src/components/CompanyPhilosophy.tsx,55
components.健康で豊かな食生活の,"健康で豊かな食生活の",src/components/CompanyPhilosophy.tsx,56
components.発展に貢献します,"発展に貢献します",src/components/CompanyPhilosophy.tsx,57
components.経営方針,"経営方針",src/components/CompanyPhilosophy.tsx,66
components.原料選定から製造工程まで一貫した品質管理体制を構築しお客様に安心してお召し上がりいただける商品をお届けします,"原料選定から製造工程まで、一貫した品質管理体制を構築し、お客様に安心してお召し上がりいただける商品をお届けします。",src/components/CompanyPhilosophy.tsx,74
components.技術革新,"技術革新",src/components/CompanyPhilosophy.tsx,81
components.伝統の技術を継承しながら最新の技術導入によりより良い商品の開発と製造効率の向上を図ります,"伝統の技術を継承しながら、最新の技術導入により、より良い商品の開発と製造効率の向上を図ります。",src/components/CompanyPhilosophy.tsx,84
components.社会貢献,"社会貢献",src/components/CompanyPhilosophy.tsx,91
components.地域社会との調和を図り環境に配慮した事業活動を通じて持続可能な社会の実現に貢献します,"地域社会との調和を図り、環境に配慮した事業活動を通じて、持続可能な社会の実現に貢献します。",src/components/CompanyPhilosophy.tsx,94
components.人材育成,"人材育成",src/components/CompanyPhilosophy.tsx,101
components.従業員一人ひとりの成長を支援し働きがいのある職場環境の整備に努めます,"従業員一人ひとりの成長を支援し、働きがいのある職場環境の整備に努めます。",src/components/CompanyPhilosophy.tsx,104
components.お名前は必須項目です,"お名前は必須項目です",src/components/ContactForm.tsx,39
components.メールアドレスは必須項目です,"メールアドレスは必須項目です",src/components/ContactForm.tsx,43
components.メールアドレスの形式が正しくありません,"メールアドレスの形式が正しくありません",src/components/ContactForm.tsx,45
components.お問い合わせ内容は必須項目です,"お問い合わせ内容は必須項目です",src/components/ContactForm.tsx,49
components.お問い合わせ内容,"お問い合わせ内容:",src/components/ContactForm.tsx,75
components.件名なし,"件名なし",src/components/ContactForm.tsx,78
components.送信エラー,"送信エラー:",src/components/ContactForm.tsx,92
components.送信完了,"送信完了",src/components/ContactForm.tsx,106
components.お問い合わせいただきありがとうございます,"お問い合わせいただき、ありがとうございます。",src/components/ContactForm.tsx,107
components.内容を確認後担当者よりご連絡いたします,"内容を確認後、担当者よりご連絡いたします。",src/components/ContactForm.tsx,108
components.新しいお問い合わせ,"新しいお問い合わせ",src/components/ContactForm.tsx,114
components.お名前,"お名前",src/components/ContactForm.tsx,125
components.山田_太郎,"山田 太郎",src/components/ContactForm.tsx,139
components.メールアドレス,"メールアドレス",src/components/ContactForm.tsx,147
components.件名,"件名",src/components/ContactForm.tsx,169
components.商品について,"商品について",src/components/ContactForm.tsx,179
components.お問い合わせ内容,"お問い合わせ内容",src/components/ContactForm.tsx,184
components.お問い合わせ内容をご記入ください,"お問い合わせ内容をご記入ください",src/components/ContactForm.tsx,198
components.送信中...,"送信中...",src/components/ContactForm.tsx,216
components.送信する,"送信する",src/components/ContactForm.tsx,220
components.特集記事,"特集記事",src/components/FeatureBanner.tsx,38
components.100年を超える歴史と伝統,"100年を超える歴史と伝統",src/components/FeatureBanner.tsx,41
components.大正10年の創業から現代まで変わらぬ想いで紡いできた私たちの物語と_これからの100年に向けた新たな挑戦をご紹介します,"大正10年の創業から現代まで。変わらぬ想いで紡いできた私たちの物語と、 これからの100年に向けた新たな挑戦をご紹介します。",src/components/FeatureBanner.tsx,44
components.詳しく読む,"詳しく読む",src/components/FeatureBanner.tsx,51
components.製造工程のこだわり,"製造工程のこだわり",src/components/FeatureBanner.tsx,73
components.伝統技術と最新設備が生み出す品質,"伝統技術と最新設備が生み出す品質",src/components/FeatureBanner.tsx,74
components.採用情報,"採用情報",src/components/FeatureBanner.tsx,90
components.共に未来を築く仲間を募集しています,"共に未来を築く仲間を募集しています",src/components/FeatureBanner.tsx,91
components.国産みかん加工ライン,"国産みかん加工ライン",src/components/Features.tsx,5
components.国産もも加工ライン,"国産もも加工ライン",src/components/Features.tsx,6
components.国産トマト加工ライン,"国産トマト加工ライン",src/components/Features.tsx,7
components.国産へのこだわり,"国産へのこだわり",src/components/Features.tsx,15
components.安心安全でおいしい商品をお届けするため契約栽培などの取組みを行っています,"安心・安全でおいしい商品をお届けするため、契約栽培などの取組みを行っています。",src/components/Features.tsx,19
components.良い製品は良い原料からしか作ることはできません,"良い製品は良い原料からしか作ることはできません",src/components/Features.tsx,29
components.長年農産缶詰を作り続けてきた私たちは誰よりもそのことをよく理解しています,"長年農産缶詰を作り続けてきた私たちは誰よりもそのことをよく理解しています。",src/components/Features.tsx,32
components.みかんトマトももをはじめとする国産原料製品それぞれ単に原料の売買にとどまらず良質な原料を安定して作っていくためにはどうしたら良いかを生産者とともに考え行動し信頼関係を培うところから私たちの製品づくりは始まっています,"みかん・トマト・ももをはじめとする国産原料製品。それぞれ単に原料の売買にとどまらず、良質な原料を安定して作っていくためにはどうしたら良いかを生産者とともに考え行動し、信頼関係を培うところから私たちの製品づくりは始まっています。",src/components/Features.tsx,38
components.images農家.avif,"/images/農家.avif",src/components/Features.tsx,45
components.みかん農家での栽培風景,"みかん農家での栽培風景",src/components/Features.tsx,46
components.国産原料調達能力,"国産原料調達能力",src/components/Features.tsx,66
components.各種国産農産原料について長年の実績信頼に基づいて産地や市場との強固なつながりを持ち強力な調達能力を有しています,"各種国産農産原料について、長年の実績・信頼に基づいて産地や市場との強固なつながりを持ち、強力な調達能力を有しています。",src/components/Features.tsx,71
components.生産者との指定品種苗の栽培契約やみかんの自社栽培など先進的な取組みにより中長期的に安定した原料調達ができる体制を整えています,"生産者との指定品種苗の栽培契約や、みかんの自社栽培など、先進的な取組みにより中長期的に安定した原料調達ができる体制を整えています。",src/components/Features.tsx,75
components.みかん自社栽培,"みかん自社栽培",src/components/Features.tsx,86
components.みかんの自社栽培グループ共同プロジェクト農園2021年から開始,"みかんの自社栽培(グループ共同プロジェクト農園)2021年から開始",src/components/Features.tsx,89
components.当社グループ会社のトーアスと共同で2021年3月よりみかんの苗の定植を開始しました,"当社グループ会社のトーアス㈱と共同で、2021年3月よりみかんの苗の定植を開始しました。",src/components/Features.tsx,94
components.場所,"場所:",src/components/Features.tsx,100
components.愛知県半田市,"愛知県半田市",src/components/Features.tsx,101
components.農地面積,"農地面積:",src/components/Features.tsx,104
components.収穫開始,"収穫開始:",src/components/Features.tsx,108
components.2028年予定,"2028年予定",src/components/Features.tsx,109
components.年間収穫量,"年間収穫量:",src/components/Features.tsx,112
components.400t目標,"400t(目標)",src/components/Features.tsx,113
components.プロジェクトの目的,"プロジェクトの目的",src/components/Features.tsx,118
components.加工適性のある品種での原料安定確保,"・加工適性のある品種での原料安定確保",src/components/Features.tsx,120
components.地元での地産地消の取り組みや食育への活用,"・地元での地産地消の取り組みや食育への活用",src/components/Features.tsx,121
components.シーズンパック,"シーズンパック",src/components/Features.tsx,132
components.大切に育てられた各種国産農産原料はフレッシュな状態のまま加工しております,"大切に育てられた各種国産農産原料は、フレッシュな状態のまま加工しております。",src/components/Features.tsx,135
components.4月,"4月",src/components/Features.tsx,144
components.桃,"桃",src/components/Features.tsx,146
components.5月,"5月",src/components/Features.tsx,152
components.6月,"6月",src/components/Features.tsx,160
components.トマト,"トマト",src/components/Features.tsx,163
components.7月,"7月",src/components/Features.tsx,168
components.8月,"8月",src/components/Features.tsx,176
components.9月,"9月",src/components/Features.tsx,184
components.10月,"10月",src/components/Features.tsx,192
components.みかん,"みかん",src/components/Features.tsx,196
components.11月,"11月",src/components/Features.tsx,200
components.12月,"12月",src/components/Features.tsx,208
components.1月,"1月",src/components/Features.tsx,216
components.2月,"2月",src/components/Features.tsx,224
components.3月,"3月",src/components/Features.tsx,232
components.黄桃加工,"黄桃加工",src/components/Features.tsx,244
components.トマト加工,"トマト加工",src/components/Features.tsx,248
components.みかん加工,"みかん加工",src/components/Features.tsx,252
components.農産加工能力,"農産加工能力",src/components/Features.tsx,261
components.独自ノウハウの設備製造ラインを品目別に保有し国産農産加工品を安定的に生産できる体制を整えています,"独自ノウハウの設備・製造ラインを品目別に保有し、国産農産加工品を安定的に生産できる体制を整えています。",src/components/Features.tsx,264
components.農産加工ライン,"農産加工ライン",src/components/Features.tsx,274
components.処理能力日,"処理能力/日",src/components/Features.tsx,275
components.シーズン計,"シーズン計",src/components/Features.tsx,276
components.食品安全,"食品安全",src/components/Features.tsx,303
components.images品質管理.avif,"/images/品質管理.avif",src/components/Features.tsx,310
components.徹底した品質管理で安心安全な商品をお届け,"徹底した品質管理で安心・安全な商品をお届け",src/components/Features.tsx,311
components.私たちはお客様に確かな品質安心安全な製品をお届けするため製品の品質に対して高い意識を持って取組み原料にこだわり品質にこだわって製品づくりをしています,"私たちは、お客様に「確かな品質」「安心・安全」な製品をお届けするため、製品の品質に対して高い意識を持って取組み、原料にこだわり、品質にこだわって製品づくりをしています。",src/components/Features.tsx,318
components.またお客様の声に耳を傾け安心安全を最優先事項とし速やかに社内展開して品質の向上にも役立てています,"また、お客様の声に耳を傾け「安心・安全」を最優先事項とし、速やかに社内展開して品質の向上にも役立てています。",src/components/Features.tsx,322
components.品質管理,"品質管理",src/components/Features.tsx,336
components.images品質管理２.avif,"/images/品質管理２.avif",src/components/Features.tsx,343
components.農産加工の豊富な技術力と製造実績,"農産加工の豊富な技術力と製造実績",src/components/Features.tsx,344
components.私たちは農産加工の豊富な技術力と製造実績があります安全性や栄養成分はもとより安定した製品の品質を確保するため厳格な品質検査徹底した品質管理のもとすべての製品の安全性を確立し安心安全な製品をお届けしています,"私たちは、農産加工の豊富な技術力と製造実績があります。安全性や栄養成分はもとより、安定した製品の品質を確保するため、厳格な品質検査、徹底した品質管理のもと、すべての製品の安全性を確立し、安心・安全な製品をお届けしています。",src/components/Features.tsx,351
components.製品の製造においては衛生管理状態のチェックをし各製造工程が規定された手順通り実施されたかを確認しています更に官能検査理化学検査微生物検査等の各種検査を実施し製品規格に適合しているものが出荷される仕組みを構築しています,"製品の製造においては衛生管理状態のチェックをし、各製造工程が規定された手順通り実施されたかを確認しています。更に官能検査、理化学検査、微生物検査等の各種検査を実施し、製品規格に適合しているものが出荷される仕組みを構築しています。",src/components/Features.tsx,355
components.みかんがつなぐ,"みかんがつなぐ、",src/components/FoodTableSection.tsx,24
components.日常の食卓へ,"日常の食卓へ",src/components/FoodTableSection.tsx,25
components.毎日の食卓に安心できる美味しさを_私たちの果実は家族の笑顔をつなぐ架け橋です,"毎日の食卓に、安心できる美味しさを。 私たちの果実は、家族の笑顔をつなぐ架け橋です。",src/components/FoodTableSection.tsx,31
components.学校給食から家庭の食卓まで全国の皆様に愛され続けている_岡本食品の商品一つひとつに込められた想いが_日々の暮らしに彩りを添えます,"学校給食から家庭の食卓まで、全国の皆様に愛され続けている 岡本食品の商品。一つひとつに込められた想いが、 日々の暮らしに彩りを添えます。",src/components/FoodTableSection.tsx,36
components.私たちの取り組みを見る,"私たちの取り組みを見る",src/components/FoodTableSection.tsx,47
components.安心美味しさ笑顔を詰めてお届けします100年を超える歴史の中で培われた技術と想いで国産原料にこだわった安心安全な食品をお届けします,"安心・美味しさ・笑顔を詰めてお届けします。100年を超える歴史の中で培われた技術と想いで、国産原料にこだわった安心・安全な食品をお届けします。",src/components/Footer.tsx,18
components.457-0802_愛知県名古屋市南区要町3-17,"〒457-0802 愛知県名古屋市南区要町3-17",src/components/Footer.tsx,24
components.製品情報,"製品情報",src/components/Footer.tsx,31
components.商品一覧,"商品一覧",src/components/Footer.tsx,33
components.みかん缶詰,"みかん缶詰",src/components/Footer.tsx,34
components.黄桃缶詰,"黄桃缶詰",src/components/Footer.tsx,35
components.冷凍フルーツ,"冷凍フルーツ",src/components/Footer.tsx,36
components.企業情報,"企業情報",src/components/Footer.tsx,42
components.お知らせ,"お知らせ",src/components/Footer.tsx,45
components.2024_岡本食品株式会社._all_rights_reserved.,"© 2024 岡本食品株式会社. All rights reserved.",src/components/Footer.tsx,54
components.プライバシーポリシー,"プライバシーポリシー",src/components/Footer.tsx,61
components.弊社は大正10年5月にトマトソース加工業者として創業しました以来みかんもも等のフルーツ加工品のトップブランドとして親しまれ学校給食をはじめ各方面から幅広くご愛顧を頂戴しております,"弊社は大正10年5月にトマトソース加工業者として創業しました。以来、みかん、もも等のフルーツ加工品のトップブランドとして親しまれ、学校給食をはじめ各方面から幅広くご愛顧を頂戴しております。",src/components/Greeting.tsx,19
components.時代とともに変化する食の流れをとらえ原料の仕入れから加工流通に至るまで日夜改善努力を続けています,"時代とともに変化する“食”の流れをとらえ、原料の仕入れから加工、流通に至るまで日夜改善努力を続けています。",src/components/Greeting.tsx,23
components.images岡本食品マーク.avif,"/images/岡本食品マーク.avif",src/components/Header.tsx,21
components.岡本食品株式会社のロゴマーク,"岡本食品株式会社のロゴマーク",src/components/Header.tsx,22
components.imagesみかんフリー.avif,"/images/みかんフリー.avif",src/components/Hero.tsx,16
components.新鮮なみかんと農園の風景,"新鮮なみかんと農園の風景",src/components/Hero.tsx,17
components.1921年大正10年5月,"1921年(大正10年)5月",src/components/History.tsx,4
components.創業,"創業",src/components/History.tsx,5
components.名古屋市南区鳴尾町にて岡本千代松がトマトソース加工業を創業,"名古屋市南区鳴尾町にて岡本千代松がトマトソース加工業を創業",src/components/History.tsx,6
components.1946年昭和21年,"1946年(昭和21年)",src/components/History.tsx,9
components.事業拡大,"事業拡大",src/components/History.tsx,10
components.トマトケチャップソース類に加えて各種ジャム類魚類缶詰の製造に着手,"トマトケチャップ、ソース類に加えて各種ジャム類、魚類缶詰の製造に着手",src/components/History.tsx,11
components.1953年昭和28年1月,"1953年(昭和28年)1月",src/components/History.tsx,14
components.株式会社化,"株式会社化",src/components/History.tsx,15
components.株式会社に組織変更資本金1000千円,"株式会社に組織変更（資本金1,000千円）",src/components/History.tsx,16
components.1957年昭和32年5月,"1957年(昭和32年)5月",src/components/History.tsx,19
components.工場移転,"工場移転",src/components/History.tsx,20
components.現所在地に本社及び工場移転果実野菜缶詰に本格的に着手する,"現所在地に本社及び工場移転。果実、野菜缶詰に本格的に着手する",src/components/History.tsx,21
components.1966年昭和41年,"1966年(昭和41年)",src/components/History.tsx,24
components.新工場建設,"新工場建設",src/components/History.tsx,25
components.新工場を同敷地内に建設資本金12000千円に増資,"新工場を同敷地内に建設。資本金12,000千円に増資",src/components/History.tsx,26
components.1977年昭和52年6月,"1977年(昭和52年)6月",src/components/History.tsx,29
components.工場拡張,"工場拡張",src/components/History.tsx,30
components.鉄筋コンクリート2f建新工場を現所在地に建設資本金24000千円に増資,"鉄筋コンクリート2F建新工場を現所在地に建設。資本金24,000千円に増資",src/components/History.tsx,31
components.1983年昭和58年10月,"1983年(昭和58年)10月",src/components/History.tsx,34
components.自動化推進,"自動化推進",src/components/History.tsx,35
components.マッシュルーム製造自動ライン完成塩蔵戻し国内最先発,"マッシュルーム製造自動ライン完成（塩蔵戻し、国内最先発）",src/components/History.tsx,36
components.1985年昭和60年9月,"1985年(昭和60年)9月",src/components/History.tsx,39
components.設備近代化,"設備近代化",src/components/History.tsx,40
components.コンピュータ制御大型回転レトルト殺菌機導入,"コンピュータ制御大型回転レトルト殺菌機導入",src/components/History.tsx,41
components.1988年昭和63年9月,"1988年(昭和63年)9月",src/components/History.tsx,44
components.施設拡充,"施設拡充",src/components/History.tsx,45
components.3f建新工場4f建本社事務所を現所在地に建設,"3F建新工場、4F建本社事務所を現所在地に建設",src/components/History.tsx,46
components.1992年平成4年9月,"1992年(平成4年)9月",src/components/History.tsx,49
components.レトルトパウチ自動充填ライン導入,"レトルトパウチ自動充填ライン導入",src/components/History.tsx,51
components.1999年平成11年9月,"1999年(平成11年)9月",src/components/History.tsx,54
components.品質管理強化,"品質管理強化",src/components/History.tsx,55
components.ｘ線異物除去機導入,"Ｘ線異物除去機導入",src/components/History.tsx,56
components.2006年平成18年11月,"2006年(平成18年)11月",src/components/History.tsx,59
components.冷凍事業開始,"冷凍事業開始",src/components/History.tsx,60
components.連続式食品急速凍結iqfライン導入冷凍フルーツ冷凍野菜類の製造を開始,"連続式食品急速凍結（IQF）ライン導入。冷凍フルーツ、冷凍野菜類の製造を開始",src/components/History.tsx,61
components.2016年平成28年4月,"2016年(平成28年)4月",src/components/History.tsx,64
components.新体制,"新体制",src/components/History.tsx,65
components.岡本嘉久_代表取締役に就任,"岡本嘉久　代表取締役に就任",src/components/History.tsx,66
components.2016年平成28年10月,"2016年(平成28年)10月",src/components/History.tsx,69
components.北工場建設,"北工場建設",src/components/History.tsx,70
components.鉄骨造2f建新工場北工場を本社隣接地に建設,"鉄骨造2F建新工場（北工場）を本社隣接地に建設",src/components/History.tsx,71
components.2019年平成31年4月,"2019年(平成31年)4月",src/components/History.tsx,74
components.グループ連携強化,"グループ連携強化",src/components/History.tsx,75
components.レトルトパウチ自動充填ライン導入トーアス名古屋工場として稼働,"レトルトパウチ自動充填ライン導入。トーアス㈱名古屋工場として稼働",src/components/History.tsx,76
components.2021年令和3年4月,"2021年(令和3年)4月",src/components/History.tsx,79
components.みかんライン更新,"みかんライン更新",src/components/History.tsx,80
components.みかん酸処理ライン全面更新,"みかん酸処理ライン全面更新",src/components/History.tsx,81
components.2022年令和4年2月,"2022年(令和4年)2月",src/components/History.tsx,84
components.デザート事業開始,"デザート事業開始",src/components/History.tsx,85
components.カップデザート製造ライン導入トーアス名古屋工場として稼働,"カップデザート製造ライン導入。トーアス㈱名古屋工場として稼働",src/components/History.tsx,86
components.2024年令和6年3月,"2024年(令和6年)3月",src/components/History.tsx,89
components.jfs-b認証取得,"JFS-B認証取得",src/components/History.tsx,90
components.jfs-b規格の適合認証を取得,"JFS-B規格の適合認証を取得",src/components/History.tsx,91
components.100年を超える歴史,"100年を超える歴史",src/components/History.tsx,153
components.大正10年の創業から現在まで時代の変化に対応しながら技術革新を続け_お客様に愛される商品を提供し続けています,"大正10年の創業から現在まで、時代の変化に対応しながら技術革新を続け、 お客様に愛される商品を提供し続けています。",src/components/History.tsx,154
components.グループ共同プロジェクト農園として2021年から開始トーアスと共同でみかんの苗を定植しています,"グループ共同プロジェクト農園として2021年から開始。トーアス㈱と共同でみかんの苗を定植しています。",src/components/ImageCarousel.tsx,13
components.images工場写真.avif,"/images/工場写真.avif",src/components/ImageCarousel.tsx,18
components.製造工場,"製造工場",src/components/ImageCarousel.tsx,19
components.最新設備と伝統技術が融合した製造現場,"最新設備と伝統技術が融合した製造現場",src/components/ImageCarousel.tsx,20
components.imagesみかんレーン.avif,"/images/みかんレーン.avif",src/components/ImageCarousel.tsx,32
components.効率的な製造ラインで品質と生産性を両立,"効率的な製造ラインで品質と生産性を両立",src/components/ImageCarousel.tsx,34
components.自然の恵みから工場まで,"自然の恵みから工場まで、",src/components/ImageCarousel.tsx,60
components.私たちの想いをお伝えします,"私たちの想いをお伝えします",src/components/ImageCarousel.tsx,61
components.言語を選択,"言語を選択",src/components/LanguageSwitcher.tsx,30
components.私たちの理念と方針,"私たちの理念と方針",src/components/Mission.tsx,13
components.理念方針,"理念・方針",src/components/Mission.tsx,22
components.みかん契約農場での栽培風景,"みかん契約農場での栽培風景",src/components/Mission.tsx,54
components.契約農場での栽培風景,"契約農場での栽培風景",src/components/Mission.tsx,61
components.場所,"場所：",src/components/Mission.tsx,92
components.農地面積,"農地面積：",src/components/Mission.tsx,93
components.13バンテリンドーム名古屋の約2.7倍,"13㏊（バンテリンドーム名古屋の約2.7倍）",src/components/Mission.tsx,93
components.収穫開始,"収穫開始：",src/components/Mission.tsx,96
components.年間収穫量目標,"年間収穫量（目標）：",src/components/Mission.tsx,97
components.加工適性のある品種での原料安定確保,"加工適性のある品種での原料安定確保",src/components/Mission.tsx,105
components.地元での地産地消の取り組みや食育への活用,"地元での地産地消の取り組みや食育への活用",src/components/Mission.tsx,109
components.jfs-b規格の取得証明書,"JFS-B規格の取得証明書",src/components/NewsCard.tsx,27
components.続きを読む,"続きを読む",src/components/NewsCard.tsx,62
components.jfs-b規格の適合認証を取得しました,"JFS-B規格の適合認証を取得しました",src/components/NewsSection.tsx,9
components.岡本食品株式会社では2024年3月に一般財団法人食品マネジメント協会jfsmが運営する食品安全規格jfs-b規格の適合証明を取得しました,"岡本食品株式会社では、2024年3月に一般財団法人食品マネジメント協会（JFSM）が運営する食品安全規格「JFS-B規格」の適合証明を取得しました。",src/components/NewsSection.tsx,10
components.imagesニュース.avif,"/images/ニュース.avif",src/components/NewsSection.tsx,13
components.私たちの取り組みや最新情報を,"私たちの取り組みや最新情報を",src/components/NewsSection.tsx,27
components.定期的にお伝えしています,"定期的にお伝えしています。",src/components/NewsSection.tsx,28
components.お知らせ一覧を見る,"お知らせ一覧を見る",src/components/NewsSection.tsx,87
components.商号,"商号",src/components/Overview.tsx,22
components.事業内容,"事業内容",src/components/Overview.tsx,26
components.野菜果物等の缶詰パウチ冷凍食品の製造販売,"野菜・果物等の缶詰、パウチ、冷凍食品の製造・販売",src/components/Overview.tsx,27
components.本社工場,"本社・工場",src/components/Overview.tsx,30
components.設立,"設立",src/components/Overview.tsx,38
components.昭和28年1月,"昭和28年1月",src/components/Overview.tsx,39
components.資本金,"資本金",src/components/Overview.tsx,42
components.24000千円,"24,000千円",src/components/Overview.tsx,43
components.代表取締役,"代表取締役",src/components/Overview.tsx,46
components.従業員数,"従業員数",src/components/Overview.tsx,50
components.約100名,"約100名",src/components/Overview.tsx,51
components.関連会社,"関連会社",src/components/Overview.tsx,54
components.トーヨーホールディングス関連会社,"トーヨーホールディングス㈱関連会社：",src/components/Overview.tsx,55
components.トーアストーヨーフーズ愛知県豊川市,"トーアス㈱、トーヨーフーズ㈱（愛知県豊川市）",src/components/Overview.tsx,56
components.取り扱い品目,"取り扱い品目",src/components/Overview.tsx,61
components.みかん黄桃トマトマッシュルームパインアップル冷凍フルーツ等,"みかん、黄桃、トマト、マッシュルーム、パインアップル、冷凍フルーツ等",src/components/Overview.tsx,62
components.取引銀行,"取引銀行",src/components/Overview.tsx,67
components.三菱東京ufj銀行_笠寺支店,"三菱東京UFJ銀行 笠寺支店",src/components/Overview.tsx,68
components.みずほ銀行_名古屋支店,"みずほ銀行 名古屋支店",src/components/Overview.tsx,69
components.名古屋銀行_鳴尾支店,"名古屋銀行 鳴尾支店",src/components/Overview.tsx,70
components.日本政策金融公庫_名古屋熱田支店,"日本政策金融公庫 名古屋・熱田支店",src/components/Overview.tsx,71
components.主な販売先,"主な販売先",src/components/Overview.tsx,76
components.名給トーアス名古屋教育スポーツ協会東海コープコーミサトー商会ハウス食品グループ本社など,"名給・トーアス㈱・名古屋教育スポーツ協会・東海コープ・コーミ㈱・サトー商会・ハウス食品グループ本社など",src/components/Overview.tsx,77
components.約100,"約100",src/components/Overview.tsx,93
components.国産レモン輪切り,"国産レモン輪切り",src/components/ProductCard.tsx,33
components.国産レモン輪切りの冷凍パック,"国産レモン輪切りの冷凍パック",src/components/ProductCard.tsx,33
components.ひんやりみかん,"ひんやりみかん",src/components/ProductCard.tsx,34
components.ひんやりみかんの小パック,"ひんやりみかんの小パック",src/components/ProductCard.tsx,34
components.パインアップルチビット,"パインアップルチビット",src/components/ProductCard.tsx,35
components.パインアップルチャンク1kgパウチ,"パインアップルチャンク1kgパウチ",src/components/ProductCard.tsx,35
components.3201黄桃ダイス,"【3201】黄桃ダイス",src/components/ProductCard.tsx,36
components.黄桃ダイスのパウチタイプ,"黄桃ダイスのパウチタイプ",src/components/ProductCard.tsx,36
components.3211国産黄桃ダイス,"【3211】国産黄桃ダイス",src/components/ProductCard.tsx,37
components.国産黄桃ダイス1kgパウチ,"国産黄桃ダイス1kgパウチ",src/components/ProductCard.tsx,37
components.カットトマトの缶詰,"カットトマトの缶詰",src/components/ProductCard.tsx,38
components.トマトピューレーのパウチタイプ,"トマトピューレーのパウチタイプ",src/components/ProductCard.tsx,39
components.冷凍オレンジ果肉,"冷凍オレンジ果肉",src/components/ProductCard.tsx,40
components.冷凍された黄桃果肉,"冷凍された黄桃果肉",src/components/ProductCard.tsx,41
components.国産みかん果実_缶詰,"国産みかん果実 缶詰",src/components/ProductCard.tsx,42
components.国産みかん果実_パウチタイプ,"国産みかん果実 パウチタイプ",src/components/ProductCard.tsx,43
components.中国産マッシュルーム_缶詰タイプ,"中国産マッシュルーム 缶詰タイプ",src/components/ProductCard.tsx,44
components.中国産マッシュルーム_パウチタイプ,"中国産マッシュルーム パウチタイプ",src/components/ProductCard.tsx,45
components.オレンジ果粒さのう商品,"オレンジ果粒・さのう商品",src/components/ProductCard.tsx,46
components.ホールトマトの缶詰,"ホールトマトの缶詰",src/components/ProductCard.tsx,47
components.みかん１キロパウチ,"みかん１キロパウチ",src/components/ProductCard.tsx,48
components.国産みかん1kgパウチ,"国産みかん1kgパウチ",src/components/ProductCard.tsx,48
components.中国産みかんかん,"中国産みかんかん",src/components/ProductCard.tsx,49
components.中国産みかん_缶詰タイプ,"中国産みかん 缶詰タイプ",src/components/ProductCard.tsx,49
components.中国産みかんパウチ,"中国産みかんパウチ",src/components/ProductCard.tsx,50
components.中国産みかん_パウチタイプ,"中国産みかん パウチタイプ",src/components/ProductCard.tsx,50
components.黄桃の商品写真,"黄桃の商品写真",src/components/ProductCard.tsx,51
components.日付修正3707マッシュルームスライス,"日付修正【3707】マッシュルームスライス",src/components/ProductCard.tsx,52
components.ヨーロッパ産マッシュルーム_スライスタイプ,"ヨーロッパ産マッシュルーム スライスタイプ",src/components/ProductCard.tsx,52
components.日付修正3711国産マッシュルームスライス,"日付修正【3711】国産マッシュルームスライス",src/components/ProductCard.tsx,53
components.国産マッシュルーム_スライスタイプ,"国産マッシュルーム スライスタイプ",src/components/ProductCard.tsx,53
components.日付修正3502ミックスフルーツ,"日付修正【3502】ミックスフルーツ",src/components/ProductCard.tsx,54
components.ミックスフルーツ_1kgパウチ,"ミックスフルーツ 1kgパウチ",src/components/ProductCard.tsx,54
components.製品詳細,"製品詳細",src/components/ProductCard.tsx,95
components.形状,"形状:",src/components/ProductCard.tsx,110
components.規格入数,"規格×入数:",src/components/ProductCard.tsx,116
components.固形量,"固形量:",src/components/ProductCard.tsx,122
components.内容総量,"内容総量:",src/components/ProductCard.tsx,128
components.商品サイズ,"商品サイズ:",src/components/ProductCard.tsx,134
components.ケースサイズ,"ケースサイズ:",src/components/ProductCard.tsx,140
components.原材料,"原材料:",src/components/ProductCard.tsx,146
components.添加物,"添加物:",src/components/ProductCard.tsx,152
components.賞味期限,"賞味期限:",src/components/ProductCard.tsx,158
components.原産地,"原産地:",src/components/ProductCard.tsx,164
components.janコード,"JANコード:",src/components/ProductCard.tsx,170
components.itfコード,"ITFコード:",src/components/ProductCard.tsx,176
components.収穫されたばかりの新鮮なみかんを旬のうちに皮や種スジを取り除いて一粒ずつ食べやすく加工しあっさりした甘さのシラップに漬込みました果肉の風味を引き出したおいしさをお楽しみ頂けます,"収穫されたばかりの新鮮なみかんを、旬のうちに皮や種、スジを取り除いて一粒ずつ食べやすく加工し、あっさりした甘さのシラップに漬込みました。果肉の風味を引き出したおいしさをお楽しみ頂けます。",src/components/ProductGallery.tsx,11
components.imagesみかん商品.avif,"/images/みかん商品.avif",src/components/ProductGallery.tsx,12
components.goodscategory-みかん,"/goods#category-みかん",src/components/ProductGallery.tsx,13
components.黄桃,"黄桃",src/components/ProductGallery.tsx,17
components.国内で収穫した黄桃やギリシャ産の黄桃を種や皮を取り除き使いやすいダイス状にカットしましたあっさりとした甘さのシラップ漬けで果肉本来のおいしさをお楽しみいただけます,"国内で収穫した黄桃やギリシャ産の黄桃を、種や皮を取り除き使いやすいダイス状にカットしました。あっさりとした甘さのシラップ漬けで、果肉本来のおいしさをお楽しみいただけます。",src/components/ProductGallery.tsx,18
components.images桃.avif,"/images/桃.avif",src/components/ProductGallery.tsx,19
components.goodscategory-黄桃,"/goods#category-黄桃",src/components/ProductGallery.tsx,20
components.国内で収穫したトマトを旬の時期に芯を取り除き皮をむいてトマトを搾汁したジュースに漬け込みました製造工程で水分を加えておらず国産トマトのフレッシュな風味を閉じ込めましたダイスカットの他国産トマトでは希少なホールタイプも製造しています,"国内で収穫したトマトを旬の時期に芯を取り除き皮をむいて、トマトを搾汁したジュースに漬け込みました。製造工程で水分を加えておらず、国産トマトのフレッシュな風味を閉じ込めました。ダイスカットの他、国産トマトでは希少なホールタイプも製造しています。",src/components/ProductGallery.tsx,25
components.goodscategory-トマト,"/goods#category-トマト",src/components/ProductGallery.tsx,27
components.マッシュルーム,"マッシュルーム",src/components/ProductGallery.tsx,31
components.歯切れがよく風味豊かなマッシュルームを薄くスライスしました収穫後すぐに加工する国産の他世界の主要な産地であるヨーロッパ産中国産もございます冷凍大容量タイプホールスライスも取扱っております,"歯切れがよく、風味豊かなマッシュルームを薄くスライスしました。収穫後すぐに加工する国産の他、世界の主要な産地であるヨーロッパ産、中国産もございます。※冷凍大容量タイプ（ホール・スライス）も取扱っております。",src/components/ProductGallery.tsx,32
components.imagesマッシュルーム.avif,"/images/マッシュルーム.avif",src/components/ProductGallery.tsx,33
components.goodscategory-マッシュルーム,"/goods#category-マッシュルーム",src/components/ProductGallery.tsx,34
components.国産フルーツ皮無しシラップ漬けの冷凍フルーツです生果調達産地直送生果の一次処理から最終製品まで一貫して行なっています国産フルーツの皮を除去しシラップ漬けしたフルーツを一粒ずつ冷凍しています,"「国産フルーツ」「皮無し」「シラップ漬け」の冷凍フルーツです。生果調達（産地直送）・生果の一次処理から最終製品まで一貫して行なっています。国産フルーツの皮を除去し、シラップ漬けしたフルーツを一粒ずつ冷凍しています。",src/components/ProductGallery.tsx,39
components.images冷凍みかんイメージ_edited.avif,"/images/冷凍みかんイメージ_edited.avif",src/components/ProductGallery.tsx,40
components.goodscategory-冷凍フルーツ,"/goods#category-冷凍フルーツ",src/components/ProductGallery.tsx,41
components.安心美味しさ笑顔を詰めてお届けします,"安心・美味しさ・笑顔を詰めてお届けします",src/components/ProductGallery.tsx,56
components.すべての商品は国産原料にこだわり厳格な品質管理のもとで製造しています,"すべての商品は国産原料にこだわり、厳格な品質管理のもとで製造しています。",src/components/ProductGallery.tsx,103
components.商品一覧を見る,"商品一覧を見る",src/components/ProductGallery.tsx,109
components.images農産ライン.avif,"/images/農産ライン.avif",src/components/ProductionLines.tsx,15
components.images冷凍ライン.avif,"/images/冷凍ライン.avif",src/components/ProductionLines.tsx,33
components.imagesドライパックライン.avif,"/images/ドライパックライン.avif",src/components/ProductionLines.tsx,46
components.imagesカップライン.avif,"/images/カップライン.avif",src/components/ProductionLines.tsx,64
components.images本社工場.jpg,"/images/本社工場.jpg",src/components/ProductionLines.tsx,91
components.岡本食品の工場外観,"岡本食品の工場外観",src/components/ProductionLines.tsx,92
components.岡本食品株式会社_本社工場,"岡本食品株式会社 本社工場",src/components/ProductionLines.tsx,99
components.の製造現場,"の製造現場",src/components/ProductionLines.tsx,120
components.内容,"内容：",src/components/ProductionLines.tsx,143
components.品目,"品目：",src/components/ProductionLines.tsx,148
components.特徴,"特徴：",src/components/ProductionLines.tsx,153
components.images製造ラインカレンダー.jpg,"/images/製造ラインカレンダー.jpg",src/components/ProductionLines.tsx,186
components.年間製造スケジュールカレンダー,"年間製造スケジュールカレンダー",src/components/ProductionLines.tsx,187
components.冷凍フルーツ製造ライン,"冷凍フルーツ製造ライン",src/components/ProductionLines.tsx,218
components.トマト缶詰製造ライン,"トマト缶詰製造ライン",src/components/ProductionLines.tsx,227
components.ok_brandのトマト缶詰製造工程をご覧いただけます,"OK BRANDのトマト缶詰製造工程をご覧いただけます。",src/components/ProductionLines.tsx,228
components.みかん缶詰製造ライン,"みかん缶詰製造ライン",src/components/ProductionLines.tsx,241
components.ok_brandのみかん缶詰製造工程をご覧いただけます,"OK BRANDのみかん缶詰製造工程をご覧いただけます。",src/components/ProductionLines.tsx,242
components.黄桃缶詰製造ライン,"黄桃缶詰製造ライン",src/components/ProductionLines.tsx,255
components.ok_brandの黄桃缶詰製造工程をご覧いただけます,"OK BRANDの黄桃缶詰製造工程をご覧いただけます。",src/components/ProductionLines.tsx,256
components.最新設備による高品質製造,"最新設備による高品質製造",src/components/ProductionLines.tsx,274
components.コンピュータ制御された最新の製造設備と熟練した技術者による_手作業の組み合わせで最高品質の製品をお届けします,"コンピュータ制御された最新の製造設備と、熟練した技術者による 手作業の組み合わせで、最高品質の製品をお届けします。",src/components/ProductionLines.tsx,277
components.haccp準拠の厳格な品質管理,"HACCP準拠の厳格な品質管理",src/components/ProductionLines.tsx,292
components.効率性,"効率性",src/components/ProductionLines.tsx,303
components.自動化による効率的な生産,"自動化による効率的な生産",src/components/ProductionLines.tsx,304
components.技術継承,"技術継承",src/components/ProductionLines.tsx,315
components.伝統技術と最新技術の融合,"伝統技術と最新技術の融合",src/components/ProductionLines.tsx,316
components.正社員,"正社員",src/components/RecruitSection.tsx,4
components.製造_管理職,"製造 管理職",src/components/RecruitSection.tsx,6
components.製造,"製造",src/components/RecruitSection.tsx,7
components.新卒2024年春卒業,"新卒（2024年春卒業）",src/components/RecruitSection.tsx,9
components.契約社員パート,"契約社員（パート）",src/components/RecruitSection.tsx,13
components.現在の求人職種,"現在の求人職種",src/components/RecruitSection.tsx,29
components.感謝と尊重心があり挑戦と変革に取り組める方是非ご応募下さい,"感謝と尊重心があり、挑戦と変革に取り組める方、是非ご応募下さい。",src/components/RecruitSection.tsx,41
components.私達は国産フルーツ野菜の加工を中心に笑顔で安心安全でおいしい食品をお届けし続けますそのためにお客様や農業生産者様をはじめとしたあらゆる関係者様や共に働く仲間を感謝の気持ちをもって尊重できる人現状に満足せず常に挑戦と変革に取り組んでいく人を求めています,"私達は、国産フルーツ・野菜の加工を中心に、笑顔で安心・安全でおいしい食品をお届けし続けます。そのために、お客様や農業生産者様をはじめとしたあらゆる関係者様や共に働く仲間を感謝の気持ちをもって尊重できる人、現状に満足せず、常に挑戦と変革に取り組んでいく人を求めています。",src/components/RecruitSection.tsx,47
components.もちろん誰もが最初はわからないこと不安なことが多いですojt教育フォローアップ面談他各コミュニケーションで働くステージを整えていきます勤務は日勤のみでありワークライフバランス実現の支援をしています,"もちろん、誰もが最初はわからないこと、不安なことが多いです。OJT教育・フォローアップ面談他、各コミュニケーションで働くステージを整えていきます。勤務は日勤のみであり、ワークライフバランス実現の支援をしています。",src/components/RecruitSection.tsx,51
components.現在従業員80数名のアットホームな雰囲気の職場ですしっかりフォローしていきますので安心してお仕事いただけます,"現在従業員80数名のアットホームな雰囲気の職場です。しっかりフォローしていきますので、安心してお仕事いただけます！",src/components/RecruitSection.tsx,55
components.私達と共にfood_for_your_smile,"私達と共に…FOOD FOR YOUR SMILE!",src/components/RecruitSection.tsx,60
components.勤務条件,"勤務条件",src/components/RecruitSection.tsx,89
components.勤務地,"勤務地",src/components/RecruitSection.tsx,98
components.愛知県名古屋市南区要町3-17,"愛知県名古屋市南区要町3-17",src/components/RecruitSection.tsx,99
components.勤務時間,"勤務時間",src/components/RecruitSection.tsx,110
components.8001730_残業あり月10時間程度,"8:00～17:30 *残業あり(月10時間程度)",src/components/RecruitSection.tsx,111
components.年間休日,"年間休日",src/components/RecruitSection.tsx,122
components.120日当社カレンダーによる,"120日(当社カレンダーによる)",src/components/RecruitSection.tsx,123
components.ご応募される方は下記フォームまたは電話にてご応募下さい,"ご応募される方は、下記フォーム、または電話にてご応募下さい。",src/components/RecruitSection.tsx,132
components.定員に達するまで会社説明会採用試験は随時実施していきます,"定員に達するまで、会社説明会・採用試験は随時実施していきます。",src/components/RecruitSection.tsx,135
components.採用担当,"採用担当",src/components/RecruitSection.tsx,141
components.総務部_藤田,"総務部 藤田",src/components/RecruitSection.tsx,143
components.電話で応募する,"電話で応募する",src/components/RecruitSection.tsx,161
locale.ブログ,"ブログ",src/app/[locale]/blog/page.tsx,7
locale.岡本食品の最新情報や取り組みをご紹介します,"岡本食品の最新情報や取り組みをご紹介します。",src/app/[locale]/blog/page.tsx,9
locale.ブログ記事を準備中です,"ブログ記事を準備中です。",src/app/[locale]/blog/page.tsx,17
locale.厳選された国産みかんを使用した缶詰です,"厳選された国産みかんを使用した缶詰です",src/app/[locale]/goods/page.tsx,10
locale.images中国産みかんかん.avif,"/images/中国産みかんかん.avif",src/app/[locale]/goods/page.tsx,11
locale.缶詰,"缶詰",src/app/[locale]/goods/page.tsx,13
locale.主要商品,"主要商品",src/app/[locale]/goods/page.tsx,24
locale.国産農産物を使用した高品質な商品をご紹介します,"国産農産物を使用した高品質な商品をご紹介します",src/app/[locale]/goods/page.tsx,25
locale.個人情報保護方針,"個人情報保護方針",src/app/[locale]/privacy/page.tsx,13
locale.岡本食品株式会社以下当社はお客様の個人情報保護を重要な責務として認識し_以下の方針に基づき適切な取り扱いに努めます,"岡本食品株式会社（以下「当社」）は、お客様の個人情報保護を重要な責務として認識し、 以下の方針に基づき適切な取り扱いに努めます。",src/app/[locale]/privacy/page.tsx,14
locale.1._個人情報の収集について,"1. 個人情報の収集について",src/app/[locale]/privacy/page.tsx,19
locale.当社は適法かつ公正な手段により個人情報を収集します,"当社は、適法かつ公正な手段により個人情報を収集します。",src/app/[locale]/privacy/page.tsx,20
locale.2._個人情報の利用について,"2. 個人情報の利用について",src/app/[locale]/privacy/page.tsx,24
locale.当社は収集した個人情報を収集の目的の範囲内で利用します,"当社は、収集した個人情報を、収集の目的の範囲内で利用します。",src/app/[locale]/privacy/page.tsx,25
locale.ニュースタイトル,"ニュースタイトル",src/app/[locale]/news/[slug]/page.tsx,12
locale.2024年8月7日,"2024年8月7日",src/app/[locale]/news/[slug]/page.tsx,13
locale.ニュースの詳細内容がここに表示されます,"ニュースの詳細内容がここに表示されます。",src/app/[locale]/news/[slug]/page.tsx,14
locale.お知らせ一覧に戻る,"← お知らせ一覧に戻る",src/app/[locale]/news/[slug]/page.tsx,25